path,size,sha256,kind,suffix
AI-testing/.env.enhanced,1157,84257767473c1e4219f9f5e7dd4c049e34f4f7b4708edaef4f80f24be59a1107,text,.enhanced
AI-testing/.env.example,322,d86ed20aac62c6ac5f63d66e42c4d129b8842d144212f8581613b8cd51d88dee,text,.example
AI-testing/.git/FETCH_HEAD,96,75be793a67a011fd07e4e5b63781355af3e281af6bff9a31edd7ec6f54990e1b,text,
AI-testing/.git/HEAD,21,28d25bf82af4c0e2b72f50959b2beb859e3e60b9630a5e8c603dad4ddb2b6e80,text,
AI-testing/.git/config,330,aebbe0efa02ac2ed7c4e8841858d0bc37e2b9d6876d7b6b105d83a33d707c2a1,text,
AI-testing/.git/description,73,85ab6c163d43a17ea9cf7788308bca1466f1b0a8d1cc92e26e9bf63da4062aee,text,
AI-testing/.git/hooks/applypatch-msg.sample,478,0223497a0b8b033aa58a3a521b8629869386cf7ab0e2f101963d328aa62193f7,text,.sample
AI-testing/.git/hooks/commit-msg.sample,896,1f74d5e9292979b573ebd59741d46cb93ff391acdd083d340b94370753d92437,text,.sample
AI-testing/.git/hooks/fsmonitor-watchman.sample,4726,e0549964e93897b519bd8e333c037e51fff0f88ba13e086a331592bf801fa1d0,text,.sample
AI-testing/.git/hooks/post-update.sample,189,81765af2daef323061dcbc5e61fc16481cb74b3bac9ad8a174b186523586f6c5,text,.sample
AI-testing/.git/hooks/pre-applypatch.sample,424,e15c5b469ea3e0a695bea6f2c82bcf8e62821074939ddd85b77e0007ff165475,text,.sample
AI-testing/.git/hooks/pre-commit.sample,1649,57185b7b9f05239d7ab52db045f5b89eb31348d7b2177eab214f5eb872e1971b,text,.sample
AI-testing/.git/hooks/pre-merge-commit.sample,416,d3825a70337940ebbd0a5c072984e13245920cdf8898bd225c8d27a6dfc9cb53,text,.sample
AI-testing/.git/hooks/pre-push.sample,1374,ecce9c7e04d3f5dd9d8ada81753dd1d549a9634b26770042b58dda00217d086a,text,.sample
AI-testing/.git/hooks/pre-rebase.sample,4898,4febce867790052338076f4e66cc47efb14879d18097d1d61c8261859eaaa7b3,text,.sample
AI-testing/.git/hooks/pre-receive.sample,544,a4c3d2b9c7bb3fd8d1441c31bd4ee71a595d66b44fcf49ddb310252320169989,text,.sample
AI-testing/.git/hooks/prepare-commit-msg.sample,1492,e9ddcaa4189fddd25ed97fc8c789eca7b6ca16390b2392ae3276f0c8e1aa4619,text,.sample
AI-testing/.git/hooks/push-to-checkout.sample,2783,a53d0741798b287c6dd7afa64aee473f305e65d3f49463bb9d7408ec3b12bf5f,text,.sample
AI-testing/.git/hooks/sendemail-validate.sample,2308,44ebfc923dc5466bc009602f0ecf067b9c65459abfe8868ddc49b78e6ced7a92,text,.sample
AI-testing/.git/hooks/update.sample,3650,8d5f2fa83e103cf08b57eaa67521df9194f45cbdbcb37da52ad586097a14d106,text,.sample
AI-testing/.git/index,22601,f841cfb691e50df0595c2b6fc8dc986ffe0ef7f6cea200c4b8b321fb1c873d5c,binary,
AI-testing/.git/info/exclude,240,6671fe83b7a07c8932ee89164d1f2793b2318058eb8b98dc5c06ee0a5a3b0ec1,text,
AI-testing/.git/logs/HEAD,200,3c7976a69afdbffc55379845a9f0b060992c3ac3535717fdee82d814caf145a3,text,
AI-testing/.git/logs/refs/heads/main,200,3c7976a69afdbffc55379845a9f0b060992c3ac3535717fdee82d814caf145a3,text,
AI-testing/.git/logs/refs/remotes/origin/HEAD,365,5e53d0ad219cd58c7170204ce5e5a733c5d3e765fa7d2ae9639a448120b30bfa,text,
AI-testing/.git/objects/pack/pack-90cbc19feb05b38bbe751e74f159afe52707953f.idx,34224,7634636d21168ae362505b99fa6ecbdf4952092f08951c4cf09b75bc73d286ec,binary,.idx
AI-testing/.git/objects/pack/pack-90cbc19feb05b38bbe751e74f159afe52707953f.pack,444533,80378ad1b6e8ba5d0581f96670a58e0d4cb8a9b5eedfbce4d63eda3b96e83b8b,binary,.pack
AI-testing/.git/objects/pack/pack-90cbc19feb05b38bbe751e74f159afe52707953f.rev,4788,806b2187abe485b5acd48b4fb5ae45c6e7788ecc45175c550cf2db0591c054bc,binary,.rev
AI-testing/.git/packed-refs,112,8e993d58913441747a1a94b3f3ec2b14028232327b3a2cc413018efecd0c2265,text,
AI-testing/.git/refs/heads/main,41,a286ef35d19f5c7c75385f3dc4eca38f5f21531b809b338748cb11a9b9f1b8a5,text,
AI-testing/.git/refs/remotes/origin/HEAD,30,2bb6a24aa0fc6c484100f5d51a29bbad841cd2c755f5d93faa204e5dbb4eb2b4,text,
AI-testing/.github/workflows/ci.yml,5754,c79499450b25d44d9954bec8a22020c64f40b315c89117c63fd9db5fcd276fb7,text,.yml
AI-testing/.gitignore,252,45b3b270cf3a49a0e40d684020b1139fc31044bf1db9f2fcc07301188a03303c,text,
AI-testing/Makefile.add,161,ba8d122cfcd49b3427397fa6c2e0f0a52751a218ed9c462b7bbf5b6dc5695ecc,text,.add
AI-testing/PATCH_NOTES.md,887,852d49da7066935ccc069f54b8dbb96cb0550b66529c45f5840d91e85f6b0dfe,text,.md
AI-testing/README.md,1547,f7b947ecfcedffe67f02b23c87bd67312884ec9e8cc4178f82bea503259792e2,text,.md
AI-testing/agent/agent.py,3855,f420c11ce62a6b40710b5237fc99f0e12fa34304a75d44da1976fbbacfb9b179,text,.py
AI-testing/agents/aws_agent/agent.py,21922,1f926fc7ed3a24350ca7d6e60c9778c8352f3d05c354c86c87253bf57c2acc2b,text,.py
AI-testing/agents/aws_agent/requirements.txt,103,055d1e07ada845bcbfea08dafd681718d0ad3eabb05f0632615f742273f703c9,text,.txt
AI-testing/agents/cross_platform/agent.py,693,bea902a37a6b5854fcfd2664b9b7f83ef2e3e04435a8a92a457de9917eea0298,text,.py
AI-testing/agents/kali_gateway/agent.py,693,bea902a37a6b5854fcfd2664b9b7f83ef2e3e04435a8a92a457de9917eea0298,text,.py
AI-testing/agents/msf_agent/agent.py,20382,774cd4ecb13b5395f2d23f08d27b962b611aea6056faba0ac4a0277d8e04c48d,text,.py
AI-testing/agents/msf_agent/requirements.txt,53,a95731b1503b5490ac41cd5728b3ebff712621f732e6c50286ab954c15d67d3e,text,.txt
AI-testing/agents/network_agent/agent.py,4305,9b3545f2342aa6940a6747493b0707c9951f3b5515202d2466a9e4370b2848de,text,.py
AI-testing/agents/nuclei_agent/agent.py,3690,f1fcda1953380c48569dfd45b2bc2b463e549806e9153476040a4b3b4d715bb9,text,.py
AI-testing/agents/semgrep_agent/agent.py,7080,6289c055919e105bc76153f95bf494c98ddec870fc4621b33206f6dacf921f22,text,.py
AI-testing/agents/zap_agent/Dockerfile,673,a2baac8fb8ece101dc5a85742afe3669b9d5b41b24bef820b3f2ac81f7164dc5,text,
AI-testing/agents/zap_agent/agent.py,15336,c92cc5ba4ba019635e15b781ccf1d42fcbe8e5ad593e525f9ba3d43bee0e2f7f,text,.py
AI-testing/agents/zap_agent/requirements.txt,229,60dc6b50f94fe07059717a7da1b47e1e09d2af37f2a573ed839fb17509a6ab61,text,.txt
AI-testing/agents/zap_auth_agent/agent.py,4533,a98dbdfddf848f094aa0d9252738e54277fc6b7f72b860830d37e663c265c74d,text,.py
AI-testing/catalog/packs/pack_api_minimal.json,194,ec23e64fc280292df3fd7c119bc74feff6f7e268c846bba20f4cd9f566639c09,text,.json
AI-testing/catalog/packs/pack_owasp_web_core.json,196,72747cd703581e5baad8ad8b5077afd7ba3f3b5ecade7de95ee6e6d4f8fdaca9,text,.json
AI-testing/catalog/packs/pack_standard_network.json,252,61d648bb91fdf967fb6597e42f8128c11c6124ee63e88ca46ae77eef2418e37e,text,.json
AI-testing/catalog/tests/api_auth_fuzz.json,718,72df3ec63538f0ee10bfbc8c49ea7ff838b7f0dad9f0a8683aedd2729bbb9aab,text,.json
AI-testing/catalog/tests/api_schema_conformance.json,616,28105158b67a37286d84709072ba61ccd826156b45ba13905d55141e976edbed,text,.json
AI-testing/catalog/tests/cloud_cis_aws_foundation.json,669,86675c1389a53a0ff5c8882ec296b4577a45381341cf75a7cd44ec2972c0742a,text,.json
AI-testing/catalog/tests/code_sast_java.json,716,4f483577356337fc823ca958c301c80e1c056987d266bf77e245c8dd201de40c,text,.json
AI-testing/catalog/tests/code_sast_javascript.json,640,2fe836fe6315173d97e2fb76b6c9d53192dd3fbc140ddb5e76e0bde197dbb21f,text,.json
AI-testing/catalog/tests/core.json,631,f6dedf86af9eeb0039deed32622ddb1e32400daea94cb2703b1df3e67ef77fa4,text,.json
AI-testing/catalog/tests/mobile_static_analysis_apk.json,618,909f6db260287bc5e548a7262a84e4e31f96330ff31a6b5affee1011299ce528,text,.json
AI-testing/catalog/tests/network_discovery_ping_sweep.json,744,3de196a1902167d8bd84f9b2b414c036573d1f57c101dc6ed124721938de89d6,text,.json
AI-testing/catalog/tests/network_enum_smb.json,641,dcb7930184168bdff106815c3ef800b7f8e1484734f2da4b68ad5831ff578ed6,text,.json
AI-testing/catalog/tests/network_nmap_tcp_top_1000.json,1008,efe07bfe634627ea27a2500331f2acfd753bf120c0bad82030b10b06152deac9,text,.json
AI-testing/catalog/tests/network_nmap_udp_top_100.json,804,20e86a0ded3b28984f4ced02ad9c1b0882a0d792c9ca4e5dc2545b645bd9a57f,text,.json
AI-testing/catalog/tests/web_crawling_dynamic.json,703,13ac19857a4d77fb26e6850def429da42ca564bb2df2e9cb07fdf705abfba7b3,text,.json
AI-testing/catalog/tests/web_owasp_top10_core.json,816,7d88e3d935fb9294538a5655a54cabac6fcd88491f162e951dad2fe302d9b93d,text,.json
AI-testing/docker-compose.yml,1548,172fb96ef4a456f935f954026836be7724cfd9dfe21f2405c4c46dd187f2317f,text,.yml
AI-testing/docs/API.md,81,031ae1f1e0d60576bd614807a0c0e6441e673dc94caa3fe3e33a2a2f24784f04,text,.md
AI-testing/infra/agent.aws.DockerFile,1063,ed55ff4ff7aed19603b86dfb2b8617be3e5b23e3dc68caa3d83257c4bd716b76,text,.dockerfile
AI-testing/infra/agent.msf.dockerfile,1095,b11a106d9e595a18f1b3ad74cbbc54f1559a74cccd111abfb4062d87109c5a30,text,.dockerfile
AI-testing/infra/docker-compose.agents.enhanced.yml,1666,4bfc8257f4869122212a2cb38b7bdea5b054bfef988aea45def7de1373291540,text,.yml
AI-testing/infra/docker-compose.v2.yml,2131,e5ad5e39c44824c244feed51f333706ee7e1285f1d9a6590fc8d487b43f393ad,text,.yml
AI-testing/infra/init.sql,791,878859586d1de0996aa59e1a8ee7ea54d80ca97c602d8b40557801ca6d0ce212,text,.sql
AI-testing/infra/orchestrator.Dockerfile,1732,018df7facddc7709dc5cdeb74b518a5a73ac7e933e74c690516d3e8fc1ca1f25,text,.dockerfile
AI-testing/orchestrator/.env.example,275,2f9b014160082e03681a1ad2123f94d516825d9604cc38db6ecb6d92599a2655,text,.example
AI-testing/orchestrator/Dockerfile,423,38d7e19e27dfb7df4cff2b866bf74cf2a33940f7e783e610b6e1fdb21a20d25a,text,
AI-testing/orchestrator/Services/__init__.py,216,95e8a6cde99b7da62fda4bd2417e94fd8529c7ef49583590d893a17b86b74620,text,.py
AI-testing/orchestrator/Services/agent_manager.py,2201,bd5386ec13bfea1ad020a3a8b1e16ee12dc29a041324c3281e6675813bbff265,text,.py
AI-testing/orchestrator/Services/report_generator.py,8876,98387b214c901a78ac73018f8332090e6d32acc6cf4053d6ad0500810910840c,text,.py
AI-testing/orchestrator/Services/scheduler.py,8795,447d333fab9e8cee7c63b6cb7aba92018afeef098fd720594365eeb6408df784,text,.py
AI-testing/orchestrator/__init__.py,362,fdaafe70957603b69432abb9a2c635f03d249459c0ec7436c41829942e04e8da,text,.py
AI-testing/orchestrator/agent_sdk/__init__.py,30,0154c3dd5d7caf1e1d7393a124d7c81153c726c3438b2bf166c6b85581bdd4a6,text,.py
AI-testing/orchestrator/agent_sdk/base.py,5099,e5a62c7cf177a704f6e75b36e35c62b2296e6e8d7278e4d60aaaa663888f2190,text,.py
AI-testing/orchestrator/agent_sdk/http.py,2303,65f9778a43b169ea0ea1731ac929dfd51f14e3a72aeaff26c1ea1c12cd58038d,text,.py
AI-testing/orchestrator/alembic.ci.ini,698,7f04d081e3cdad4ea8ca82ca1361c45c8c2e1911641f1824607a9d608549f266,text,.ini
AI-testing/orchestrator/alembic.ini,534,c769e90820f60407fcbca2913b55ff42760b473afe35c8a70cce99fda9a471ca,text,.ini
AI-testing/orchestrator/alembic/README,19,549fe4113a19f349237e0c51304c1c3b11789d458d39012d95af202bcabd1e65,text,
AI-testing/orchestrator/alembic/env.py,1471,91769910851849af2027b6eea1282454430d086fd755f9c67036f11a8e167378,text,.py
AI-testing/orchestrator/alembic/env_ci.py,2456,b2875c42a792ce4cad33168aefe2f91f327f19f74c37edac7fa7931552afc244,text,.py
AI-testing/orchestrator/alembic/versions/0001_init.py,4637,0e3fdc7aa895262c6e18959a4133bbc3237c206fb780fb4aefee55df79d76563,text,.py
AI-testing/orchestrator/alembic/versions/0002_quotas_approvals.py,3090,26d10ac6080274676cf28f037404b552d662a7a92bebd34e1b69c1248c1779e3,text,.py
AI-testing/orchestrator/alembic/versions/0003_run_events.py,1393,a78a512bdc72a82d33dd8ca61cf39f80b02e702b0724cbc7122fc661b67e287b,text,.py
AI-testing/orchestrator/alembic/versions/0004_findings_reporting.py,2627,9d9852f748f40287ec9f045e80fe0c41eec9ff5e8e752fbdc0916d1bde9c6c69,text,.py
AI-testing/orchestrator/alembic/versions/0005_agents_jobs.py,4666,55db7a589432ab4a9e91cd24ed645aa92fcbefbd5067a4fd3a204dc73b26b25c,text,.py
AI-testing/orchestrator/alembic/versions/0006_brain_autoplan.py,2611,b45f1d04ff94a45334147524be79734decfcbd9d8cb23eca79dbf66cda09f637,text,.py
AI-testing/orchestrator/alembic/versions/0007_brain_v3_traces.py,1344,3a84a782d0ee4f479017e050797025c807c46ff8d196fbf32100f5f70cc79051,text,.py
AI-testing/orchestrator/alembic/versions/0008_findings_enhanced.py,5013,89c5b00ce49f3226c3c3bbc4867f5a73fc1631d2d061771d3728a13a934143ed,text,.py
AI-testing/orchestrator/app.py,7445,5686f74af8dc06694cc0dfe2d1893fc9d9a1cc66e3787ff4dee91d9cda9794f3,text,.py
AI-testing/orchestrator/auth.py,2953,13362d617904f01ec628edf2bbf7d7d55e9409e49d8d8a8bb8fc2f4c337f56dc,text,.py
AI-testing/orchestrator/bootstrap_extras.py,76,12e545fa68cf7178d84e6cc98e0f8b2ad3fd267d81693315cbf901c768eca646,text,.py
AI-testing/orchestrator/brain/__init__.py,68,e8d8957ca26913901d2bfe4da27db43b34eb7c9070975f112b93099921a85e01,text,.py
AI-testing/orchestrator/brain/plan_engine.py,3382,84b22100810118307b4d3fdc39f9c5cfa97b9851224c84c9b2a546542c82665f,text,.py
AI-testing/orchestrator/brain/providers/__init__.py,50,851c2e6f7bcc5b82c24c032001309f2f39b7e493465b711cc3e429aa3e894776,text,.py
AI-testing/orchestrator/brain/providers/anthropic.py,18222,fde88ad13f032bf28ce35dfd4ffa70225663a7ab0a2382cbd5995590aa883662,text,.py
AI-testing/orchestrator/brain/providers/base.py,592,e7727ed4c7011b0b78db749984f2512af7dd4124984430707c6b9759cf7ae5cb,text,.py
AI-testing/orchestrator/brain/providers/heuristic.py,3984,8d52ed161173d372a3daf43d2dfb21f733b25a47a41be78161c4edb3342a2620,text,.py
AI-testing/orchestrator/brain/providers/openai_chat.py,11734,50d74f3f155e05bd26799ef2dbafafac2229007a308570396e86fa338b213690,text,.py
AI-testing/orchestrator/brain/templates/code.yaml,97,c1d4e7caadedab4dabd53bda57138d0d39239cef8f1147c5bf4f21abc575cfc9,text,.yaml
AI-testing/orchestrator/brain/templates/mobile.yaml,121,95546a20786b17cb58710eac43d3168d28ab38bff7f8417748b34e204dfcadb3,text,.yaml
AI-testing/orchestrator/brain/templates/network_internal.yaml,368,dcbd08153be492692ef8b983fddab6c0b199d0317b7654278f6bf2adc4b2b0d0,text,.yaml
AI-testing/orchestrator/brain/templates/web.yaml,353,ee21efe91a4acefa2398ff6eb8cd1e6255974d631db223d4dbe21a7231048e81,text,.yaml
AI-testing/orchestrator/catalog/packs/default_code_review.json,120,1416b1912a5e81fc0ccf45b991b961ae623bb512950a6edb9367e8768983dcc8,text,.json
AI-testing/orchestrator/catalog/packs/default_external_minimum.json,199,f0c94e7f26cd671d5835189fa1d2c5a8229fefde2c5028e94c80c44c79e312eb,text,.json
AI-testing/orchestrator/catalog/packs/default_internal_network.json,199,56c740a83e744db4d9a7b7911c89c1b08eece35e031b285f6277ff3dd9f8bcad,text,.json
AI-testing/orchestrator/catalog/packs/default_mobile_static.json,128,6a0a46318e8e30a23acae37729140cf76d4f3f3e43a2679512642cb10a862f39,text,.json
AI-testing/orchestrator/catalog/packs/default_network_minimum.json,165,a8d51d233181ef766a3e2671556dfb56df52060df65c18283aadfb47790a4e80,text,.json
AI-testing/orchestrator/catalog/packs/default_remote_kali_min.json,168,f94318da8fde059675d78982a0be0bbaabb85fe6fbf52ea7617a25174a92c502,text,.json
AI-testing/orchestrator/catalog/packs/default_web_active.json,154,800a971f862c86395a219af673c64fc4feb0efcb1fbe9996447264f85e4c37a5,text,.json
AI-testing/orchestrator/catalog/packs/default_web_discovery.json,147,e7b27b6c3778b03ab9b30e9592da28dcff73c69d4aeb917876f9644737a4339f,text,.json
AI-testing/orchestrator/catalog/packs/default_web_minimum.json,116,50ab9e5fc50d787245c69e24c46d579558fdcec4f3016049eb8a00ee87826034,text,.json
AI-testing/orchestrator/catalog/packs/enhanced_packs.json,5049,5e267df0eaf2b8ed33d79cdac627a21f6d0eea035dfee729c5123fc5ba9595fb,text,.json
AI-testing/orchestrator/catalog/packs/packs.json,8122,8abd76ab4bf23b7b6b2121c9e5e1524056bf2bafca0e67ffaf202e76b5e61251,text,.json
AI-testing/orchestrator/catalog/packs/packs.json.bak,8122,8abd76ab4bf23b7b6b2121c9e5e1524056bf2bafca0e67ffaf202e76b5e61251,text,.bak
AI-testing/orchestrator/catalog/tests/code_semgrep_default.json,463,18b93d4572c1fa3c5b615ee4e34ec8afc8b378659fa18b803b6e5145024a0250,text,.json
AI-testing/orchestrator/catalog/tests/enhanced_tests.json,9935,5a753af64be48cff1b701ee13f60d58a239452a26a16f8ffa1ea068093a2be1e,text,.json
AI-testing/orchestrator/catalog/tests/mobile_apk_static_default.json,473,632e2c7aebf80447b3ef09739c31097cbeaa761133f663b8512a3b9bc4c5b84c,text,.json
AI-testing/orchestrator/catalog/tests/mobile_static_analysis_apk.json,335,8a78be92a7130844891f4684161de5053cdbae13a09546b85106d6e8406e0fed,text,.json
AI-testing/orchestrator/catalog/tests/network_discovery_ping_sweep.json,409,7f12b15d338f152c838d44eeb6fab7d5c040a3c5dceebea33f9e519bcee2d3b9,text,.json
AI-testing/orchestrator/catalog/tests/network_dnsx_resolve.json,410,c5d7e7b189f0f574eee2b10fabb597cfc6eeed830f87e70d2d1ce08b7384107d,text,.json
AI-testing/orchestrator/catalog/tests/network_nmap_tcp_full.json,414,690a82a650496ef4445daccb7c2846288e3de39e4dcbdbe50a2187a1cf86444b,text,.json
AI-testing/orchestrator/catalog/tests/network_nmap_tcp_top_1000.json,413,7c123cc8d5166849aabaa776c13b1d4b228e6f54fb62471903c9d17574ac6481,text,.json
AI-testing/orchestrator/catalog/tests/network_nmap_udp_top_200.json,387,424f09a0262c52191ab66c1547d36a4f79f876a38f4ea2695fc3b8502d4b244b,text,.json
AI-testing/orchestrator/catalog/tests/remote_kali_nmap_tcp_top_1000.json,426,0e132ffaaba996287f5018fcf344665143f29722caad28cc05fdc9c43a9c0c95,text,.json
AI-testing/orchestrator/catalog/tests/remote_kali_run_tool.json,556,f42494445a6bca2e060aaeb5ffa8e12ddf223fbeca9a3b045a385f05326eb326,text,.json
AI-testing/orchestrator/catalog/tests/tests.json,15458,4c6cfab227b07bb9840d4cd5481eac7b2243363b823da1e07e702ca77459e3e9,text,.json
AI-testing/orchestrator/catalog/tests/tests.json.bak,15458,4c6cfab227b07bb9840d4cd5481eac7b2243363b823da1e07e702ca77459e3e9,text,.bak
AI-testing/orchestrator/catalog/tests/web_httpx_probe.json,399,205a4c13a36ef54ad494cf72494f1f6435cfa7ebaa7a0f3657ea65d14436b73a,text,.json
AI-testing/orchestrator/catalog/tests/web_nuclei_default.json,473,52b4643b09d797b89f3ed8dd2d2bbe4cdaacefe0892e4efcdce9a188a9ba0a3a,text,.json
AI-testing/orchestrator/catalog/tests/web_owasp_top10_core.json,401,a84439f910fac2e731a8d99469583577a52df17adecbcbd3e14ce0ed285ce78a,text,.json
AI-testing/orchestrator/catalog/tests/web_zap_auth_full.json,785,28ad10cf0b581548128884f4a0faa6d6a4f20583f92e3087285a67435cf831be,text,.json
AI-testing/orchestrator/catalog/tests/web_zap_baseline.json,518,f806ada29223ec30f003ea9af23aca013bc76f1a8516daf7bbdca55d14c0a0e3,text,.json
AI-testing/orchestrator/config.py,1530,181ce48db60a833de72c8e4c2f14235637df59faa715984c427fa20c3e7f0137,text,.py
AI-testing/orchestrator/database.py,867,071dda87ce3691bd1f5e23b024045b3ab26c0c4c6dadbb200c922a655a4cdd62,text,.py
AI-testing/orchestrator/db.py,462,f24419a2dd200825066fcd5e6dda62324dafcf8d85b1305ce40ced64dd0695b2,text,.py
AI-testing/orchestrator/llm_controller.py,28417,6edffa05ca19a01700f9533b81bf633ad28f135805edc623142421d8d65d6756,text,.py
AI-testing/orchestrator/logging_setup.py,246,955f3dd034cb4f6d2176a6bf580738bf63bc2be65a90e8713860bbe655f0cacb,text,.py
AI-testing/orchestrator/models.py,3164,983b1157b70f9a063388fc04cf416ce2b4d350a109c33ff4025155f0d33a41d9,text,.py
AI-testing/orchestrator/models/__init__.py,649,393e6f8e5402e4e43f879baa08bbf53a470872361c86e4ca53685e18587d0af9,text,.py
AI-testing/orchestrator/models/agent.py,2273,5958a23961479229ed68e575e13e1e701437b11790ea36c69b4fb6d3dc9cf7e1,text,.py
AI-testing/orchestrator/models/artifact.py,912,f0b04b93af79ef82f370ce9ef27ab260475bc098c1ce856571347137eef129a6,text,.py
AI-testing/orchestrator/models/base.py,1019,83174cabe11de767d140c10874b8fc21fa8e172ed8846935cef5d669d62ca30c,text,.py
AI-testing/orchestrator/models/engagement.py,1599,033eb6e873c6fae1fa2bb760307958c2f0c1f69d4d548525b8b734eb503b6f37,text,.py
AI-testing/orchestrator/models/finding.py,5440,3a81bd1189aed7a7e9d38d91e30722df72098c73c6f4b26a558bfe102c507bc1,text,.py
AI-testing/orchestrator/models/job.py,1511,77fa2114902d5422055881984a05ef4aacb8aa856c3a8274d73672471368403f,text,.py
AI-testing/orchestrator/models/plan.py,1873,51463be085d6a0867cd7a9b7e6b64163c18e1a93cc4fa9592cb93c72e55a9a2e,text,.py
AI-testing/orchestrator/models/report.py,1061,a7b64e30451473c0ce348ee7ef6e51af4b64e23ee5aece9f20f5dac899fdf88c,text,.py
AI-testing/orchestrator/models/run.py,1520,a38d34752060df25cddc5ba7735f134bf529527ba4ffaa84e74415f7e54f0e25,text,.py
AI-testing/orchestrator/models/tenant.py,788,531aaf2e6cdf8b5fe4ba694723c660db07ef5349c7ddb0d2f5d721610904f4da,text,.py
AI-testing/orchestrator/models/user.py,1013,9f26e38cefba495b2b44a4be997d7304043d3c12d380ed629332d781cfaa89c8,text,.py
AI-testing/orchestrator/pyproject.toml,770,62fea091b6bfb8024f51e3addaa6fcfd2b18371860cd36aa86ca852d6aa19531,text,.toml
AI-testing/orchestrator/report_templates/enhanced.html,3087,20453f412207a10c5af70f1320c61c6c0934c164b79995f6e7894d8b11b49ab1,text,.html
AI-testing/orchestrator/report_templates/enhanced.md.j2,1374,df078a691ef8cac18e8d49c9c50057765ba49b88fe6c5217fe2c6aa4dd91bc6f,text,.j2
AI-testing/orchestrator/reports/render.py,2302,7c027b14935cab75a3245baa145302b487aa45b8fd72a8075096bd2cc11859bd,text,.py
AI-testing/orchestrator/reports/taxonomy.py,4682,fdc22918f503e6ad24c3f83ca8756f9bb7c76b48ae196ea976eefb5d241cc7fd,text,.py
AI-testing/orchestrator/requirements-extra.txt,173,05cd54c0a822f9d9c1a52982c0e60f286e62a279472cf67f60a57293dee3428a,text,.txt
AI-testing/orchestrator/requirements.txt,416,dcf35b5fbade4bf636aeafb4fd2383f476ddb9962306f7e8e097faf595d45d32,text,.txt
AI-testing/orchestrator/routers/__init__.py,18,9e69d80ee4b343a2a90df3a220a1dd981eabcfcc92c926b3cda1048609cb7d33,text,.py
AI-testing/orchestrator/routers/app.py,39402,f71f4c4ca495a880cfe7893051d63fd3c68daf4adb507fcec5633180f4f6a0c6,text,.py
AI-testing/orchestrator/routers/findings_v2.py,20343,07348a92aa84dad09d1f7afeb1642b287c09738b4e70e439801c4df0244fdb61,text,.py
AI-testing/orchestrator/routers/ui_brain.py,813,1363edbf3a0de39c51b0e6dc20190554718639f67e10d468e3f2ae8a019351e2,text,.py
AI-testing/orchestrator/routers/ui_builder.py,717,81f0f233b01781689bce2c5b9bd991539e1fcbd06141b2dac2d33d84f1b4a2cb,text,.py
AI-testing/orchestrator/routers/ui_code.py,871,a2bee1744df74a5b8708efb13b899a6ba421dd0905f3f07b6aa5d6785c6e392a,text,.py
AI-testing/orchestrator/routers/ui_mobile.py,1815,1aa872b56d6859d366b3aab299eddf4779cc819f0f4a2a49132c3fd06704a720,text,.py
AI-testing/orchestrator/routers/ui_pages.py,1496,dc83fb7ad0df5b6d4959c0033baa387fa08f688b237088dca106d3280dda3250,text,.py
AI-testing/orchestrator/routers/v2_agents_artifacts.py,2311,d3cfff3ffaffc56b64827b7b9242bc573979bc2fcfeb3328a9cb1adbd34a5bbb,text,.py
AI-testing/orchestrator/routers/v2_agents_bus.py,7202,fec4fac737eaf3bad2fd5e980d7f39eb6bf32ad2029cd99ab1134eb8e7a530b4,text,.py
AI-testing/orchestrator/routers/v2_agents_bus_lease2.py,2870,c34e9222d5144d2e57939388585f47a7591d882555b6f6d67a3315f8f1c5235b,text,.py
AI-testing/orchestrator/routers/v2_artifacts.py,4110,d1196b8d8aeca61d835f7e4d457c1a54dc98259dee1c1263240708e933bf6d6a,text,.py
AI-testing/orchestrator/routers/v2_artifacts_downloads.py,2837,6c2bff082750fdfc4332dd99f6bd8c6ff9c5176b1d8a820dd297db7c8b6ca94e,text,.py
AI-testing/orchestrator/routers/v2_artifacts_index.py,2397,dda3fee56861af0e6f2e6987a1f19a92bea84ecc49143cea16671fe82ac6fde9,text,.py
AI-testing/orchestrator/routers/v2_brain.py,3853,92b443cbf78e9e3cb53bf50b4e7113c5d35ebf8f458e7c917ae568332f56c7ca,text,.py
AI-testing/orchestrator/routers/v2_findings_reports.py,7359,97825c7d7e53b043ebbcc8d8e55a7c87386adceb6b5e4570a4acdd2230fb0766,text,.py
AI-testing/orchestrator/routers/v2_listings.py,1530,a61197b3054e165df54d893e09400e259c78c49f9a65fe8d52c6e133d8955025,text,.py
AI-testing/orchestrator/routers/v2_quotas_approvals.py,4635,671387c76517376adb127c69a13d045aa790cf932937ec9835db34f19a1ebe6e,text,.py
AI-testing/orchestrator/routers/v2_reports_bundle.py,6612,35f16095cf83d79c5ab59501160dc586cf43b939617a0965c6348fe25eae338d,text,.py
AI-testing/orchestrator/routers/v2_reports_enhanced.py,3113,60b6746fbca58254c51bdcbe66c246b3016e4e4ad2d2f28d090e639274df12e8,text,.py
AI-testing/orchestrator/routers/v3_brain.py,3973,90166f00096cf434ba0fc2bd50c6327e9d6ca3ca0e5b0825f4b3fffd9c04afa9,text,.py
AI-testing/orchestrator/routers/v3_brain_guarded.py,1666,24dad60f1b0bf9c0dcd57d09b65185671edf26d0007970cb29cb19ffae311e4b,text,.py
AI-testing/orchestrator/settings.py,422,4b2c7178711a81a7302a64fa7ba8c73eac377a08adac5d23368c59f364e7504d,text,.py
AI-testing/orchestrator/templates/report.md.j2,1291,118fd350cd98c27dc94ec0d9b911526d8800190d7d6d3ed4d91fd8f98c91984e,text,.j2
AI-testing/orchestrator/templates/report_run.html.j2,877,2424cc78b5d9169c784ee21d8c00e22925bc2573f352199d3751fe1614966312,text,.j2
AI-testing/orchestrator/templates/report_run.md.j2,509,31354ffefa8d080a4a498ae1885501f28c853a6e2d00787cada9ba4051cc1dc5,text,.j2
AI-testing/orchestrator/tenancy.py,873,d5ddc6b021a3fe42a2309690288089fe8b2950b8a81cd6b5d672ba124721943e,text,.py
AI-testing/orchestrator/ui/static/app.css,823,efedf7aba42eb2a2b9d12ad426605e5e69a8ab49861fe30538e91ee2ec436d3c,text,.css
AI-testing/orchestrator/ui/static/app.js,4241,39131a573f156145eee4fadf55fdd14e2bb12e35b314ba5d6e2956781105e23e,text,.js
AI-testing/orchestrator/ui/static/brain.js,1784,2ce7ccec7b156f9424914b9681bc137238f750ad4316b42828480d2fe790c89f,text,.js
AI-testing/orchestrator/ui/static/builder.css,724,efe1595f414d148ac52f7dfafefc43ec256d9986129e5809cf57fcfec3723c7f,text,.css
AI-testing/orchestrator/ui/static/builder.js,6699,d6b1afce0eeb4deeb7b522c4ba419134c7cae9b98ca4a73a617aab1947e3169a,text,.js
AI-testing/orchestrator/ui/static/code.js,2309,27112b82a163939c27048c70d5c82b10d4f31c19f3b2931aa21a1dd034e651cd,text,.js
AI-testing/orchestrator/ui/static/mobile.js,2777,4538bc981fcbed82344cce850db1edf2efb58f58e7da8588f3a8b30f08ec2d45,text,.js
AI-testing/orchestrator/ui/templates/admin.html,987,e10a18327a3afb3f5ea2f895d365cea8040f086816ce91e501d9e113d617acab,text,.html
AI-testing/orchestrator/ui/templates/base.html,626,27ef76522cbbe29f21ec2b51ec146f071f3cb1aba9c7c543d891dde3d6285e50,text,.html
AI-testing/orchestrator/ui/templates/brain_builder.html,1168,2e7c537ad8e3355a2bfacb9f4f717b6411a04173e9ebdf38f086b2a6658a0e80,text,.html
AI-testing/orchestrator/ui/templates/builder.html,2425,6841ce851293427e311ba8eb6c2f8079bcfbc81ec24bf7662db047b2b416a33a,text,.html
AI-testing/orchestrator/ui/templates/code_review.html,1313,92252bf1a0210398bc0b67dde53fc0728aae7471bedcd43d79f21365dae63dde,text,.html
AI-testing/orchestrator/ui/templates/home.html,502,cc54fc9c95c41d9cd3ac70a2565f0bab52832c6b91f9b96c3fd298b1f1efbdd1,text,.html
AI-testing/orchestrator/ui/templates/mobile_review.html,1367,634c9537745f0de6fa33ace68a4b297e7ade79ba148e3866082a8e42923566e2,text,.html
AI-testing/orchestrator/ui/templates/new_engagement.html,1499,f87961e894713531c721035fb02c3a90cbdd010f05842422b9bf7a6a9148df44,text,.html
AI-testing/orchestrator/ui/templates/run_detail.html,574,3ac81febd0e0218546840d137b66c5cf95c9ebf2e2545cb6afba1fdb454381b7,text,.html
AI-testing/policies/policy.rego,339,8d295357d61afd8c591472fc91ac95efe67a8191951d7b4bf6b8e22e9fef28c8,text,.rego
AI-testing/policies_enabled/pentest_policy.rego,113,e9718fd82ea7a6974c26b9cd296c027eae5e522d84791fa2566cc6f5d5aaefda,text,.rego
AI-testing/policies_enabled/policy.rego,89,8350f8f73301b521ea30e9912a6b767a3971126b57a65bc532736c13c0ae773c,text,.rego
AI-testing/postman/AI-Testing.postman_collection.json,3652,51e4127cc38f474b35d234c7eb8750d2da9cb50da10139bbf5d6e425ef04c4ee,text,.json
AI-testing/schemas/event.schema.json,444,cdd849dbd0bd2f704a50b2351bdf27da992501117a920f21edb11e0bcf071fb3,text,.json
AI-testing/schemas/finding.schema.json,903,7a9f2cac673767bae344445857c666c27e1aa5a36d71fa0c4f7f6d2d45714cb4,text,.json
AI-testing/schemas/plan.schema.json,1494,554c5bbe96db545b9d24b5d6b117bc148b9c15d4b06746f19653b48ec37472a6,text,.json
AI-testing/schemas/test-catalog-item.schema.json,2109,e409e7b12b887ff86ebd01f5079eb2d8216d7b0cfbb14dc02a21dc5bd5efc3a1,text,.json
AI-testing/scripts/agent_aws_up.sh,739,582bf262d4ab2b2ba4fd6420e821578a4cf95c1bf1ce10531b8fe355a1cdc422,text,.sh
AI-testing/scripts/agent_msf_up.sh,988,d3b36f502037c3a87100fc5045d2279cf845a6ac6ceed8ecd82eb5faa358757a,text,.sh
AI-testing/scripts/enable_enhanced_features.sh,13300,d98a8639983774324c0ccfa484bfb2842f04f05625f704f96050c3818e2719bb,text,.sh
AI-testing/scripts/fix_catalog_script.sh,9251,822d5f79db9031d600c51f50f13698ef38d096cf836b32d6998882fa47d35f6e,text,.sh
AI-testing/scripts/init_project.sh,12070,b21c59e86c530b6ad5da7ae49b5c7fcb874a73cdc7579f839f707295a9146d25,text,.sh
AI-testing/scripts/manage.sh,723,9f9228c2f65956eb6c46ff74667a520ad8b0c0a5bdbe437abdecad2e70bcfb00,text,.sh
AI-testing/scripts/setup_llm_pentest.sh,14114,37f69c7391410a7e21c0ac75f653a8bc2a9b4fba980e63e09fcb6dad6df4f472,text,.sh
AI-testing/scripts/smoke_enhanced.sh,1073,b665160ec995dcd309fc433de5ec82cee0d427007afd1bbfcfde13efcf5aaf4c,text,.sh
AI-testing/templates/gitignore.append,196,82e1884729d289310aa664f61debfc7e26d6dd08540725e491326e150c6153d1,text,.append
AI-testing/ui/Dockerfile,294,608b65f7564ea514ea4cbb17f18737e2e3462336a115900e4e0e1b2071e45eb0,text,
AI-testing/ui/index.html,309,0f6378ad0d6d83be926f6ba7f7c832b27b4451995a1c4611aa1c27763c1bb2ad,text,.html
AI-testing/ui/package.json,434,aebf2b0817e6bc17dce4b1e0ba0df8a9df34c9044a43b6f33cc25ab08836b9dc,text,.json
AI-testing/ui/src/App.tsx,14724,c3efed14e62fc1d046f091dc0f5fca3787c6ce8857f98ba857bf22ac79dcf402,text,.tsx
AI-testing/ui/src/api.ts,4290,a6c5f94a3ef503810c6a372ce2a18aaeb364384a37a6b5201b49f4e35d595446,text,.ts
AI-testing/ui/src/main.tsx,212,1468ece658a315a0189cad61a4ee4f19f2d04e0a9cf19b6ec10e5670caa36021,text,.tsx
AI-testing/ui/src/pages/App.tsx,10160,bad28fd6fff6624d8de90a2e75dac9694688710f7e6d07bad03c8377e3f1e8b3,text,.tsx
AI-testing/ui/src/styles.css,1650,d2392d62c1e049fb2151e45e62879b426f1b7d8b85766f199480651f956ffe8b,text,.css
AI-testing/ui/tsconfig.json,368,c58258d4349d64254830182a56a6c031760d6471795d44739350f2a5d6fb9e4b,text,.json
AI-testing/ui/tsconfig.node.json,187,66362d3973b411c9da6f18808a7149f5e1cf0c3e099815a107a61a71db792adc,text,.json
AI-testing/ui/vite.config.ts,209,1ae5a77de0ae494474d1464c83882d330c27c0dbda3f726154d7adbd6d9b4fbb,text,.ts
AI-testing/verify-platform.py,15681,e77e179c6e62958d16914de4a568b379a74f3849ffda5af821bd5ed293de3d77,text,.py
__MACOSX/._AI-testing,263,c738f0cd1ea83f9150d00c7641732c0e076ac2da6aa239002fd136876be68b2d,binary,
__MACOSX/AI-testing/._.env.enhanced,163,938354c2820481de487866d908504b98aeaba24508cb075f851c6f604c8abc9a,binary,.enhanced
__MACOSX/AI-testing/._.env.example,163,938354c2820481de487866d908504b98aeaba24508cb075f851c6f604c8abc9a,binary,.example
__MACOSX/AI-testing/._.git,163,938354c2820481de487866d908504b98aeaba24508cb075f851c6f604c8abc9a,binary,.git
__MACOSX/AI-testing/._.github,163,938354c2820481de487866d908504b98aeaba24508cb075f851c6f604c8abc9a,binary,.github
__MACOSX/AI-testing/._.gitignore,163,938354c2820481de487866d908504b98aeaba24508cb075f851c6f604c8abc9a,binary,.gitignore
__MACOSX/AI-testing/._Makefile.add,163,938354c2820481de487866d908504b98aeaba24508cb075f851c6f604c8abc9a,binary,.add
__MACOSX/AI-testing/._PATCH_NOTES.md,163,938354c2820481de487866d908504b98aeaba24508cb075f851c6f604c8abc9a,text,.md
__MACOSX/AI-testing/._README.md,163,938354c2820481de487866d908504b98aeaba24508cb075f851c6f604c8abc9a,text,.md
__MACOSX/AI-testing/._agent,163,938354c2820481de487866d908504b98aeaba24508cb075f851c6f604c8abc9a,binary,
__MACOSX/AI-testing/._agents,163,938354c2820481de487866d908504b98aeaba24508cb075f851c6f604c8abc9a,binary,
__MACOSX/AI-testing/._catalog,163,938354c2820481de487866d908504b98aeaba24508cb075f851c6f604c8abc9a,binary,
__MACOSX/AI-testing/._docker-compose.yml,163,938354c2820481de487866d908504b98aeaba24508cb075f851c6f604c8abc9a,text,.yml
__MACOSX/AI-testing/._docs,163,938354c2820481de487866d908504b98aeaba24508cb075f851c6f604c8abc9a,binary,
__MACOSX/AI-testing/._infra,163,938354c2820481de487866d908504b98aeaba24508cb075f851c6f604c8abc9a,binary,
__MACOSX/AI-testing/._orchestrator,163,938354c2820481de487866d908504b98aeaba24508cb075f851c6f604c8abc9a,binary,
__MACOSX/AI-testing/._policies,163,938354c2820481de487866d908504b98aeaba24508cb075f851c6f604c8abc9a,binary,
__MACOSX/AI-testing/._policies_enabled,163,938354c2820481de487866d908504b98aeaba24508cb075f851c6f604c8abc9a,binary,
__MACOSX/AI-testing/._postman,163,938354c2820481de487866d908504b98aeaba24508cb075f851c6f604c8abc9a,binary,
__MACOSX/AI-testing/._schemas,163,938354c2820481de487866d908504b98aeaba24508cb075f851c6f604c8abc9a,binary,
__MACOSX/AI-testing/._scripts,163,938354c2820481de487866d908504b98aeaba24508cb075f851c6f604c8abc9a,binary,
__MACOSX/AI-testing/._templates,163,938354c2820481de487866d908504b98aeaba24508cb075f851c6f604c8abc9a,binary,
__MACOSX/AI-testing/._ui,163,938354c2820481de487866d908504b98aeaba24508cb075f851c6f604c8abc9a,binary,
__MACOSX/AI-testing/._verify-platform.py,163,938354c2820481de487866d908504b98aeaba24508cb075f851c6f604c8abc9a,text,.py
__MACOSX/AI-testing/.git/._FETCH_HEAD,163,938354c2820481de487866d908504b98aeaba24508cb075f851c6f604c8abc9a,binary,
__MACOSX/AI-testing/.git/._HEAD,163,938354c2820481de487866d908504b98aeaba24508cb075f851c6f604c8abc9a,binary,
__MACOSX/AI-testing/.git/._branches,163,938354c2820481de487866d908504b98aeaba24508cb075f851c6f604c8abc9a,binary,
__MACOSX/AI-testing/.git/._config,163,938354c2820481de487866d908504b98aeaba24508cb075f851c6f604c8abc9a,binary,
__MACOSX/AI-testing/.git/._description,163,938354c2820481de487866d908504b98aeaba24508cb075f851c6f604c8abc9a,binary,
__MACOSX/AI-testing/.git/._hooks,163,938354c2820481de487866d908504b98aeaba24508cb075f851c6f604c8abc9a,binary,
__MACOSX/AI-testing/.git/._index,163,938354c2820481de487866d908504b98aeaba24508cb075f851c6f604c8abc9a,binary,
__MACOSX/AI-testing/.git/._info,163,938354c2820481de487866d908504b98aeaba24508cb075f851c6f604c8abc9a,binary,
__MACOSX/AI-testing/.git/._logs,163,938354c2820481de487866d908504b98aeaba24508cb075f851c6f604c8abc9a,binary,
__MACOSX/AI-testing/.git/._objects,163,938354c2820481de487866d908504b98aeaba24508cb075f851c6f604c8abc9a,binary,
__MACOSX/AI-testing/.git/._packed-refs,163,938354c2820481de487866d908504b98aeaba24508cb075f851c6f604c8abc9a,binary,
__MACOSX/AI-testing/.git/._refs,163,938354c2820481de487866d908504b98aeaba24508cb075f851c6f604c8abc9a,binary,
__MACOSX/AI-testing/.git/hooks/._applypatch-msg.sample,163,938354c2820481de487866d908504b98aeaba24508cb075f851c6f604c8abc9a,binary,.sample
__MACOSX/AI-testing/.git/hooks/._commit-msg.sample,163,938354c2820481de487866d908504b98aeaba24508cb075f851c6f604c8abc9a,binary,.sample
__MACOSX/AI-testing/.git/hooks/._fsmonitor-watchman.sample,163,938354c2820481de487866d908504b98aeaba24508cb075f851c6f604c8abc9a,binary,.sample
__MACOSX/AI-testing/.git/hooks/._post-update.sample,163,938354c2820481de487866d908504b98aeaba24508cb075f851c6f604c8abc9a,binary,.sample
__MACOSX/AI-testing/.git/hooks/._pre-applypatch.sample,163,938354c2820481de487866d908504b98aeaba24508cb075f851c6f604c8abc9a,binary,.sample
__MACOSX/AI-testing/.git/hooks/._pre-commit.sample,163,938354c2820481de487866d908504b98aeaba24508cb075f851c6f604c8abc9a,binary,.sample
__MACOSX/AI-testing/.git/hooks/._pre-merge-commit.sample,163,938354c2820481de487866d908504b98aeaba24508cb075f851c6f604c8abc9a,binary,.sample
__MACOSX/AI-testing/.git/hooks/._pre-push.sample,163,938354c2820481de487866d908504b98aeaba24508cb075f851c6f604c8abc9a,binary,.sample
__MACOSX/AI-testing/.git/hooks/._pre-rebase.sample,163,938354c2820481de487866d908504b98aeaba24508cb075f851c6f604c8abc9a,binary,.sample
__MACOSX/AI-testing/.git/hooks/._pre-receive.sample,163,938354c2820481de487866d908504b98aeaba24508cb075f851c6f604c8abc9a,binary,.sample
__MACOSX/AI-testing/.git/hooks/._prepare-commit-msg.sample,163,938354c2820481de487866d908504b98aeaba24508cb075f851c6f604c8abc9a,binary,.sample
__MACOSX/AI-testing/.git/hooks/._push-to-checkout.sample,163,938354c2820481de487866d908504b98aeaba24508cb075f851c6f604c8abc9a,binary,.sample
__MACOSX/AI-testing/.git/hooks/._sendemail-validate.sample,163,938354c2820481de487866d908504b98aeaba24508cb075f851c6f604c8abc9a,binary,.sample
__MACOSX/AI-testing/.git/hooks/._update.sample,163,938354c2820481de487866d908504b98aeaba24508cb075f851c6f604c8abc9a,binary,.sample
__MACOSX/AI-testing/.git/info/._exclude,163,938354c2820481de487866d908504b98aeaba24508cb075f851c6f604c8abc9a,binary,
__MACOSX/AI-testing/.git/logs/._HEAD,163,938354c2820481de487866d908504b98aeaba24508cb075f851c6f604c8abc9a,binary,
__MACOSX/AI-testing/.git/logs/._refs,163,938354c2820481de487866d908504b98aeaba24508cb075f851c6f604c8abc9a,binary,
__MACOSX/AI-testing/.git/logs/refs/._heads,163,938354c2820481de487866d908504b98aeaba24508cb075f851c6f604c8abc9a,binary,
__MACOSX/AI-testing/.git/logs/refs/._remotes,163,938354c2820481de487866d908504b98aeaba24508cb075f851c6f604c8abc9a,binary,
__MACOSX/AI-testing/.git/logs/refs/heads/._main,163,938354c2820481de487866d908504b98aeaba24508cb075f851c6f604c8abc9a,binary,
__MACOSX/AI-testing/.git/logs/refs/remotes/._origin,163,938354c2820481de487866d908504b98aeaba24508cb075f851c6f604c8abc9a,binary,
__MACOSX/AI-testing/.git/logs/refs/remotes/origin/._HEAD,163,938354c2820481de487866d908504b98aeaba24508cb075f851c6f604c8abc9a,binary,
__MACOSX/AI-testing/.git/objects/._info,163,938354c2820481de487866d908504b98aeaba24508cb075f851c6f604c8abc9a,binary,
__MACOSX/AI-testing/.git/objects/._pack,163,938354c2820481de487866d908504b98aeaba24508cb075f851c6f604c8abc9a,binary,
__MACOSX/AI-testing/.git/objects/pack/._pack-90cbc19feb05b38bbe751e74f159afe52707953f.idx,163,938354c2820481de487866d908504b98aeaba24508cb075f851c6f604c8abc9a,binary,.idx
__MACOSX/AI-testing/.git/objects/pack/._pack-90cbc19feb05b38bbe751e74f159afe52707953f.pack,163,938354c2820481de487866d908504b98aeaba24508cb075f851c6f604c8abc9a,binary,.pack
__MACOSX/AI-testing/.git/objects/pack/._pack-90cbc19feb05b38bbe751e74f159afe52707953f.rev,163,938354c2820481de487866d908504b98aeaba24508cb075f851c6f604c8abc9a,binary,.rev
__MACOSX/AI-testing/.git/refs/._heads,163,938354c2820481de487866d908504b98aeaba24508cb075f851c6f604c8abc9a,binary,
__MACOSX/AI-testing/.git/refs/._remotes,163,938354c2820481de487866d908504b98aeaba24508cb075f851c6f604c8abc9a,binary,
__MACOSX/AI-testing/.git/refs/._tags,163,938354c2820481de487866d908504b98aeaba24508cb075f851c6f604c8abc9a,binary,
__MACOSX/AI-testing/.git/refs/heads/._main,163,938354c2820481de487866d908504b98aeaba24508cb075f851c6f604c8abc9a,binary,
__MACOSX/AI-testing/.git/refs/remotes/._origin,163,938354c2820481de487866d908504b98aeaba24508cb075f851c6f604c8abc9a,binary,
__MACOSX/AI-testing/.git/refs/remotes/origin/._HEAD,163,938354c2820481de487866d908504b98aeaba24508cb075f851c6f604c8abc9a,binary,
__MACOSX/AI-testing/.github/._workflows,163,938354c2820481de487866d908504b98aeaba24508cb075f851c6f604c8abc9a,binary,
__MACOSX/AI-testing/.github/workflows/._ci.yml,163,938354c2820481de487866d908504b98aeaba24508cb075f851c6f604c8abc9a,text,.yml
__MACOSX/AI-testing/agent/._agent.py,163,938354c2820481de487866d908504b98aeaba24508cb075f851c6f604c8abc9a,text,.py
__MACOSX/AI-testing/agents/._aws_agent,163,938354c2820481de487866d908504b98aeaba24508cb075f851c6f604c8abc9a,binary,
__MACOSX/AI-testing/agents/._cross_platform,163,938354c2820481de487866d908504b98aeaba24508cb075f851c6f604c8abc9a,binary,
__MACOSX/AI-testing/agents/._kali_gateway,163,938354c2820481de487866d908504b98aeaba24508cb075f851c6f604c8abc9a,binary,
__MACOSX/AI-testing/agents/._msf_agent,163,938354c2820481de487866d908504b98aeaba24508cb075f851c6f604c8abc9a,binary,
__MACOSX/AI-testing/agents/._network_agent,163,938354c2820481de487866d908504b98aeaba24508cb075f851c6f604c8abc9a,binary,
__MACOSX/AI-testing/agents/._nuclei_agent,163,938354c2820481de487866d908504b98aeaba24508cb075f851c6f604c8abc9a,binary,
__MACOSX/AI-testing/agents/._semgrep_agent,163,938354c2820481de487866d908504b98aeaba24508cb075f851c6f604c8abc9a,binary,
__MACOSX/AI-testing/agents/._zap_agent,163,938354c2820481de487866d908504b98aeaba24508cb075f851c6f604c8abc9a,binary,
__MACOSX/AI-testing/agents/._zap_auth_agent,163,938354c2820481de487866d908504b98aeaba24508cb075f851c6f604c8abc9a,binary,
__MACOSX/AI-testing/agents/aws_agent/._agent.py,163,938354c2820481de487866d908504b98aeaba24508cb075f851c6f604c8abc9a,text,.py
__MACOSX/AI-testing/agents/aws_agent/._requirements.txt,163,938354c2820481de487866d908504b98aeaba24508cb075f851c6f604c8abc9a,text,.txt
__MACOSX/AI-testing/agents/cross_platform/._agent.py,163,938354c2820481de487866d908504b98aeaba24508cb075f851c6f604c8abc9a,text,.py
__MACOSX/AI-testing/agents/kali_gateway/._agent.py,163,938354c2820481de487866d908504b98aeaba24508cb075f851c6f604c8abc9a,text,.py
__MACOSX/AI-testing/agents/msf_agent/._agent.py,163,938354c2820481de487866d908504b98aeaba24508cb075f851c6f604c8abc9a,text,.py
__MACOSX/AI-testing/agents/msf_agent/._requirements.txt,163,938354c2820481de487866d908504b98aeaba24508cb075f851c6f604c8abc9a,text,.txt
__MACOSX/AI-testing/agents/network_agent/._agent.py,163,938354c2820481de487866d908504b98aeaba24508cb075f851c6f604c8abc9a,text,.py
__MACOSX/AI-testing/agents/nuclei_agent/._agent.py,163,938354c2820481de487866d908504b98aeaba24508cb075f851c6f604c8abc9a,text,.py
__MACOSX/AI-testing/agents/semgrep_agent/._agent.py,163,938354c2820481de487866d908504b98aeaba24508cb075f851c6f604c8abc9a,text,.py
__MACOSX/AI-testing/agents/zap_agent/._Dockerfile,163,938354c2820481de487866d908504b98aeaba24508cb075f851c6f604c8abc9a,binary,
__MACOSX/AI-testing/agents/zap_agent/._agent.py,163,938354c2820481de487866d908504b98aeaba24508cb075f851c6f604c8abc9a,text,.py
__MACOSX/AI-testing/agents/zap_agent/._requirements.txt,163,938354c2820481de487866d908504b98aeaba24508cb075f851c6f604c8abc9a,text,.txt
__MACOSX/AI-testing/agents/zap_auth_agent/._agent.py,163,938354c2820481de487866d908504b98aeaba24508cb075f851c6f604c8abc9a,text,.py
__MACOSX/AI-testing/catalog/._packs,163,938354c2820481de487866d908504b98aeaba24508cb075f851c6f604c8abc9a,binary,
__MACOSX/AI-testing/catalog/._tests,163,938354c2820481de487866d908504b98aeaba24508cb075f851c6f604c8abc9a,binary,
__MACOSX/AI-testing/catalog/packs/._pack_api_minimal.json,163,938354c2820481de487866d908504b98aeaba24508cb075f851c6f604c8abc9a,text,.json
__MACOSX/AI-testing/catalog/packs/._pack_owasp_web_core.json,163,938354c2820481de487866d908504b98aeaba24508cb075f851c6f604c8abc9a,text,.json
__MACOSX/AI-testing/catalog/packs/._pack_standard_network.json,163,938354c2820481de487866d908504b98aeaba24508cb075f851c6f604c8abc9a,text,.json
__MACOSX/AI-testing/catalog/tests/._api_auth_fuzz.json,163,938354c2820481de487866d908504b98aeaba24508cb075f851c6f604c8abc9a,text,.json
__MACOSX/AI-testing/catalog/tests/._api_schema_conformance.json,163,938354c2820481de487866d908504b98aeaba24508cb075f851c6f604c8abc9a,text,.json
__MACOSX/AI-testing/catalog/tests/._cloud_cis_aws_foundation.json,163,938354c2820481de487866d908504b98aeaba24508cb075f851c6f604c8abc9a,text,.json
__MACOSX/AI-testing/catalog/tests/._code_sast_java.json,163,938354c2820481de487866d908504b98aeaba24508cb075f851c6f604c8abc9a,text,.json
__MACOSX/AI-testing/catalog/tests/._code_sast_javascript.json,163,938354c2820481de487866d908504b98aeaba24508cb075f851c6f604c8abc9a,text,.json
__MACOSX/AI-testing/catalog/tests/._core.json,163,938354c2820481de487866d908504b98aeaba24508cb075f851c6f604c8abc9a,text,.json
__MACOSX/AI-testing/catalog/tests/._mobile_static_analysis_apk.json,163,938354c2820481de487866d908504b98aeaba24508cb075f851c6f604c8abc9a,text,.json
__MACOSX/AI-testing/catalog/tests/._network_discovery_ping_sweep.json,163,938354c2820481de487866d908504b98aeaba24508cb075f851c6f604c8abc9a,text,.json
__MACOSX/AI-testing/catalog/tests/._network_enum_smb.json,163,938354c2820481de487866d908504b98aeaba24508cb075f851c6f604c8abc9a,text,.json
__MACOSX/AI-testing/catalog/tests/._network_nmap_tcp_top_1000.json,163,938354c2820481de487866d908504b98aeaba24508cb075f851c6f604c8abc9a,text,.json
__MACOSX/AI-testing/catalog/tests/._network_nmap_udp_top_100.json,163,938354c2820481de487866d908504b98aeaba24508cb075f851c6f604c8abc9a,text,.json
__MACOSX/AI-testing/catalog/tests/._web_crawling_dynamic.json,163,938354c2820481de487866d908504b98aeaba24508cb075f851c6f604c8abc9a,text,.json
__MACOSX/AI-testing/catalog/tests/._web_owasp_top10_core.json,163,938354c2820481de487866d908504b98aeaba24508cb075f851c6f604c8abc9a,text,.json
__MACOSX/AI-testing/docs/._API.md,163,938354c2820481de487866d908504b98aeaba24508cb075f851c6f604c8abc9a,text,.md
__MACOSX/AI-testing/infra/._agent.aws.DockerFile,163,938354c2820481de487866d908504b98aeaba24508cb075f851c6f604c8abc9a,text,.dockerfile
__MACOSX/AI-testing/infra/._agent.msf.dockerfile,163,938354c2820481de487866d908504b98aeaba24508cb075f851c6f604c8abc9a,text,.dockerfile
__MACOSX/AI-testing/infra/._docker-compose.agents.enhanced.yml,163,938354c2820481de487866d908504b98aeaba24508cb075f851c6f604c8abc9a,text,.yml
__MACOSX/AI-testing/infra/._docker-compose.v2.yml,163,938354c2820481de487866d908504b98aeaba24508cb075f851c6f604c8abc9a,text,.yml
__MACOSX/AI-testing/infra/._init.sql,163,938354c2820481de487866d908504b98aeaba24508cb075f851c6f604c8abc9a,binary,.sql
__MACOSX/AI-testing/infra/._orchestrator.Dockerfile,163,938354c2820481de487866d908504b98aeaba24508cb075f851c6f604c8abc9a,text,.dockerfile
__MACOSX/AI-testing/orchestrator/._.env.example,163,938354c2820481de487866d908504b98aeaba24508cb075f851c6f604c8abc9a,binary,.example
__MACOSX/AI-testing/orchestrator/._Dockerfile,163,938354c2820481de487866d908504b98aeaba24508cb075f851c6f604c8abc9a,binary,
__MACOSX/AI-testing/orchestrator/._Services,163,938354c2820481de487866d908504b98aeaba24508cb075f851c6f604c8abc9a,binary,
__MACOSX/AI-testing/orchestrator/.___init__.py,163,938354c2820481de487866d908504b98aeaba24508cb075f851c6f604c8abc9a,text,.py
__MACOSX/AI-testing/orchestrator/._agent_sdk,163,938354c2820481de487866d908504b98aeaba24508cb075f851c6f604c8abc9a,binary,
__MACOSX/AI-testing/orchestrator/._alembic,163,938354c2820481de487866d908504b98aeaba24508cb075f851c6f604c8abc9a,binary,
__MACOSX/AI-testing/orchestrator/._alembic.ci.ini,163,938354c2820481de487866d908504b98aeaba24508cb075f851c6f604c8abc9a,text,.ini
__MACOSX/AI-testing/orchestrator/._alembic.ini,163,938354c2820481de487866d908504b98aeaba24508cb075f851c6f604c8abc9a,text,.ini
__MACOSX/AI-testing/orchestrator/._app.py,163,938354c2820481de487866d908504b98aeaba24508cb075f851c6f604c8abc9a,text,.py
__MACOSX/AI-testing/orchestrator/._auth.py,163,938354c2820481de487866d908504b98aeaba24508cb075f851c6f604c8abc9a,text,.py
__MACOSX/AI-testing/orchestrator/._bootstrap_extras.py,163,938354c2820481de487866d908504b98aeaba24508cb075f851c6f604c8abc9a,text,.py
__MACOSX/AI-testing/orchestrator/._brain,163,938354c2820481de487866d908504b98aeaba24508cb075f851c6f604c8abc9a,binary,
__MACOSX/AI-testing/orchestrator/._catalog,163,938354c2820481de487866d908504b98aeaba24508cb075f851c6f604c8abc9a,binary,
__MACOSX/AI-testing/orchestrator/._config.py,163,938354c2820481de487866d908504b98aeaba24508cb075f851c6f604c8abc9a,text,.py
__MACOSX/AI-testing/orchestrator/._database.py,163,938354c2820481de487866d908504b98aeaba24508cb075f851c6f604c8abc9a,text,.py
__MACOSX/AI-testing/orchestrator/._db.py,163,938354c2820481de487866d908504b98aeaba24508cb075f851c6f604c8abc9a,text,.py
__MACOSX/AI-testing/orchestrator/._llm_controller.py,163,938354c2820481de487866d908504b98aeaba24508cb075f851c6f604c8abc9a,text,.py
__MACOSX/AI-testing/orchestrator/._logging_setup.py,163,938354c2820481de487866d908504b98aeaba24508cb075f851c6f604c8abc9a,text,.py
__MACOSX/AI-testing/orchestrator/._models,163,938354c2820481de487866d908504b98aeaba24508cb075f851c6f604c8abc9a,binary,
__MACOSX/AI-testing/orchestrator/._models.py,163,938354c2820481de487866d908504b98aeaba24508cb075f851c6f604c8abc9a,text,.py
__MACOSX/AI-testing/orchestrator/._pyproject.toml,163,938354c2820481de487866d908504b98aeaba24508cb075f851c6f604c8abc9a,text,.toml
__MACOSX/AI-testing/orchestrator/._report_templates,163,938354c2820481de487866d908504b98aeaba24508cb075f851c6f604c8abc9a,binary,
__MACOSX/AI-testing/orchestrator/._reports,163,938354c2820481de487866d908504b98aeaba24508cb075f851c6f604c8abc9a,binary,
__MACOSX/AI-testing/orchestrator/._requirements-extra.txt,163,938354c2820481de487866d908504b98aeaba24508cb075f851c6f604c8abc9a,text,.txt
__MACOSX/AI-testing/orchestrator/._requirements.txt,163,938354c2820481de487866d908504b98aeaba24508cb075f851c6f604c8abc9a,text,.txt
__MACOSX/AI-testing/orchestrator/._routers,163,938354c2820481de487866d908504b98aeaba24508cb075f851c6f604c8abc9a,binary,
__MACOSX/AI-testing/orchestrator/._settings.py,163,938354c2820481de487866d908504b98aeaba24508cb075f851c6f604c8abc9a,text,.py
__MACOSX/AI-testing/orchestrator/._templates,163,938354c2820481de487866d908504b98aeaba24508cb075f851c6f604c8abc9a,binary,
__MACOSX/AI-testing/orchestrator/._tenancy.py,163,938354c2820481de487866d908504b98aeaba24508cb075f851c6f604c8abc9a,text,.py
__MACOSX/AI-testing/orchestrator/._ui,163,938354c2820481de487866d908504b98aeaba24508cb075f851c6f604c8abc9a,binary,
__MACOSX/AI-testing/orchestrator/Services/.___init__.py,163,938354c2820481de487866d908504b98aeaba24508cb075f851c6f604c8abc9a,text,.py
__MACOSX/AI-testing/orchestrator/Services/._agent_manager.py,163,938354c2820481de487866d908504b98aeaba24508cb075f851c6f604c8abc9a,text,.py
__MACOSX/AI-testing/orchestrator/Services/._report_generator.py,163,938354c2820481de487866d908504b98aeaba24508cb075f851c6f604c8abc9a,text,.py
__MACOSX/AI-testing/orchestrator/Services/._scheduler.py,163,938354c2820481de487866d908504b98aeaba24508cb075f851c6f604c8abc9a,text,.py
__MACOSX/AI-testing/orchestrator/agent_sdk/.___init__.py,163,938354c2820481de487866d908504b98aeaba24508cb075f851c6f604c8abc9a,text,.py
__MACOSX/AI-testing/orchestrator/agent_sdk/._base.py,163,938354c2820481de487866d908504b98aeaba24508cb075f851c6f604c8abc9a,text,.py
__MACOSX/AI-testing/orchestrator/agent_sdk/._http.py,163,938354c2820481de487866d908504b98aeaba24508cb075f851c6f604c8abc9a,text,.py
__MACOSX/AI-testing/orchestrator/alembic/._README,163,938354c2820481de487866d908504b98aeaba24508cb075f851c6f604c8abc9a,binary,
__MACOSX/AI-testing/orchestrator/alembic/._env.py,163,938354c2820481de487866d908504b98aeaba24508cb075f851c6f604c8abc9a,text,.py
__MACOSX/AI-testing/orchestrator/alembic/._env_ci.py,163,938354c2820481de487866d908504b98aeaba24508cb075f851c6f604c8abc9a,text,.py
__MACOSX/AI-testing/orchestrator/alembic/._versions,163,938354c2820481de487866d908504b98aeaba24508cb075f851c6f604c8abc9a,binary,
__MACOSX/AI-testing/orchestrator/alembic/versions/._0001_init.py,163,938354c2820481de487866d908504b98aeaba24508cb075f851c6f604c8abc9a,text,.py
__MACOSX/AI-testing/orchestrator/alembic/versions/._0002_quotas_approvals.py,163,938354c2820481de487866d908504b98aeaba24508cb075f851c6f604c8abc9a,text,.py
__MACOSX/AI-testing/orchestrator/alembic/versions/._0003_run_events.py,163,938354c2820481de487866d908504b98aeaba24508cb075f851c6f604c8abc9a,text,.py
__MACOSX/AI-testing/orchestrator/alembic/versions/._0004_findings_reporting.py,163,938354c2820481de487866d908504b98aeaba24508cb075f851c6f604c8abc9a,text,.py
__MACOSX/AI-testing/orchestrator/alembic/versions/._0005_agents_jobs.py,163,938354c2820481de487866d908504b98aeaba24508cb075f851c6f604c8abc9a,text,.py
__MACOSX/AI-testing/orchestrator/alembic/versions/._0006_brain_autoplan.py,163,938354c2820481de487866d908504b98aeaba24508cb075f851c6f604c8abc9a,text,.py
__MACOSX/AI-testing/orchestrator/alembic/versions/._0007_brain_v3_traces.py,163,938354c2820481de487866d908504b98aeaba24508cb075f851c6f604c8abc9a,text,.py
__MACOSX/AI-testing/orchestrator/alembic/versions/._0008_findings_enhanced.py,163,938354c2820481de487866d908504b98aeaba24508cb075f851c6f604c8abc9a,text,.py
__MACOSX/AI-testing/orchestrator/brain/.___init__.py,163,938354c2820481de487866d908504b98aeaba24508cb075f851c6f604c8abc9a,text,.py
__MACOSX/AI-testing/orchestrator/brain/._plan_engine.py,163,938354c2820481de487866d908504b98aeaba24508cb075f851c6f604c8abc9a,text,.py
__MACOSX/AI-testing/orchestrator/brain/._providers,163,938354c2820481de487866d908504b98aeaba24508cb075f851c6f604c8abc9a,binary,
__MACOSX/AI-testing/orchestrator/brain/._templates,163,938354c2820481de487866d908504b98aeaba24508cb075f851c6f604c8abc9a,binary,
__MACOSX/AI-testing/orchestrator/brain/providers/.___init__.py,163,938354c2820481de487866d908504b98aeaba24508cb075f851c6f604c8abc9a,text,.py
__MACOSX/AI-testing/orchestrator/brain/providers/._anthropic.py,163,938354c2820481de487866d908504b98aeaba24508cb075f851c6f604c8abc9a,text,.py
__MACOSX/AI-testing/orchestrator/brain/providers/._base.py,163,938354c2820481de487866d908504b98aeaba24508cb075f851c6f604c8abc9a,text,.py
__MACOSX/AI-testing/orchestrator/brain/providers/._heuristic.py,163,938354c2820481de487866d908504b98aeaba24508cb075f851c6f604c8abc9a,text,.py
__MACOSX/AI-testing/orchestrator/brain/providers/._openai_chat.py,163,938354c2820481de487866d908504b98aeaba24508cb075f851c6f604c8abc9a,text,.py
__MACOSX/AI-testing/orchestrator/brain/templates/._code.yaml,163,938354c2820481de487866d908504b98aeaba24508cb075f851c6f604c8abc9a,text,.yaml
__MACOSX/AI-testing/orchestrator/brain/templates/._mobile.yaml,163,938354c2820481de487866d908504b98aeaba24508cb075f851c6f604c8abc9a,text,.yaml
__MACOSX/AI-testing/orchestrator/brain/templates/._network_internal.yaml,163,938354c2820481de487866d908504b98aeaba24508cb075f851c6f604c8abc9a,text,.yaml
__MACOSX/AI-testing/orchestrator/brain/templates/._web.yaml,163,938354c2820481de487866d908504b98aeaba24508cb075f851c6f604c8abc9a,text,.yaml
__MACOSX/AI-testing/orchestrator/catalog/._packs,163,938354c2820481de487866d908504b98aeaba24508cb075f851c6f604c8abc9a,binary,
__MACOSX/AI-testing/orchestrator/catalog/._tests,163,938354c2820481de487866d908504b98aeaba24508cb075f851c6f604c8abc9a,binary,
__MACOSX/AI-testing/orchestrator/catalog/packs/._default_code_review.json,163,938354c2820481de487866d908504b98aeaba24508cb075f851c6f604c8abc9a,text,.json
__MACOSX/AI-testing/orchestrator/catalog/packs/._default_external_minimum.json,163,938354c2820481de487866d908504b98aeaba24508cb075f851c6f604c8abc9a,text,.json
__MACOSX/AI-testing/orchestrator/catalog/packs/._default_internal_network.json,163,938354c2820481de487866d908504b98aeaba24508cb075f851c6f604c8abc9a,text,.json
__MACOSX/AI-testing/orchestrator/catalog/packs/._default_mobile_static.json,163,938354c2820481de487866d908504b98aeaba24508cb075f851c6f604c8abc9a,text,.json
__MACOSX/AI-testing/orchestrator/catalog/packs/._default_network_minimum.json,163,938354c2820481de487866d908504b98aeaba24508cb075f851c6f604c8abc9a,text,.json
__MACOSX/AI-testing/orchestrator/catalog/packs/._default_remote_kali_min.json,163,938354c2820481de487866d908504b98aeaba24508cb075f851c6f604c8abc9a,text,.json
__MACOSX/AI-testing/orchestrator/catalog/packs/._default_web_active.json,163,938354c2820481de487866d908504b98aeaba24508cb075f851c6f604c8abc9a,text,.json
__MACOSX/AI-testing/orchestrator/catalog/packs/._default_web_discovery.json,163,938354c2820481de487866d908504b98aeaba24508cb075f851c6f604c8abc9a,text,.json
__MACOSX/AI-testing/orchestrator/catalog/packs/._default_web_minimum.json,163,938354c2820481de487866d908504b98aeaba24508cb075f851c6f604c8abc9a,text,.json
__MACOSX/AI-testing/orchestrator/catalog/packs/._enhanced_packs.json,163,938354c2820481de487866d908504b98aeaba24508cb075f851c6f604c8abc9a,text,.json
__MACOSX/AI-testing/orchestrator/catalog/packs/._packs.json,163,938354c2820481de487866d908504b98aeaba24508cb075f851c6f604c8abc9a,text,.json
__MACOSX/AI-testing/orchestrator/catalog/packs/._packs.json.bak,163,938354c2820481de487866d908504b98aeaba24508cb075f851c6f604c8abc9a,binary,.bak
__MACOSX/AI-testing/orchestrator/catalog/tests/._code_semgrep_default.json,163,938354c2820481de487866d908504b98aeaba24508cb075f851c6f604c8abc9a,text,.json
__MACOSX/AI-testing/orchestrator/catalog/tests/._enhanced_tests.json,163,938354c2820481de487866d908504b98aeaba24508cb075f851c6f604c8abc9a,text,.json
__MACOSX/AI-testing/orchestrator/catalog/tests/._mobile_apk_static_default.json,163,938354c2820481de487866d908504b98aeaba24508cb075f851c6f604c8abc9a,text,.json
__MACOSX/AI-testing/orchestrator/catalog/tests/._mobile_static_analysis_apk.json,163,938354c2820481de487866d908504b98aeaba24508cb075f851c6f604c8abc9a,text,.json
__MACOSX/AI-testing/orchestrator/catalog/tests/._network_discovery_ping_sweep.json,163,938354c2820481de487866d908504b98aeaba24508cb075f851c6f604c8abc9a,text,.json
__MACOSX/AI-testing/orchestrator/catalog/tests/._network_dnsx_resolve.json,163,938354c2820481de487866d908504b98aeaba24508cb075f851c6f604c8abc9a,text,.json
__MACOSX/AI-testing/orchestrator/catalog/tests/._network_nmap_tcp_full.json,163,938354c2820481de487866d908504b98aeaba24508cb075f851c6f604c8abc9a,text,.json
__MACOSX/AI-testing/orchestrator/catalog/tests/._network_nmap_tcp_top_1000.json,163,938354c2820481de487866d908504b98aeaba24508cb075f851c6f604c8abc9a,text,.json
__MACOSX/AI-testing/orchestrator/catalog/tests/._network_nmap_udp_top_200.json,163,938354c2820481de487866d908504b98aeaba24508cb075f851c6f604c8abc9a,text,.json
__MACOSX/AI-testing/orchestrator/catalog/tests/._remote_kali_nmap_tcp_top_1000.json,163,938354c2820481de487866d908504b98aeaba24508cb075f851c6f604c8abc9a,text,.json
__MACOSX/AI-testing/orchestrator/catalog/tests/._remote_kali_run_tool.json,163,938354c2820481de487866d908504b98aeaba24508cb075f851c6f604c8abc9a,text,.json
__MACOSX/AI-testing/orchestrator/catalog/tests/._tests.json,163,938354c2820481de487866d908504b98aeaba24508cb075f851c6f604c8abc9a,text,.json
__MACOSX/AI-testing/orchestrator/catalog/tests/._tests.json.bak,163,938354c2820481de487866d908504b98aeaba24508cb075f851c6f604c8abc9a,binary,.bak
__MACOSX/AI-testing/orchestrator/catalog/tests/._web_httpx_probe.json,163,938354c2820481de487866d908504b98aeaba24508cb075f851c6f604c8abc9a,text,.json
__MACOSX/AI-testing/orchestrator/catalog/tests/._web_nuclei_default.json,163,938354c2820481de487866d908504b98aeaba24508cb075f851c6f604c8abc9a,text,.json
__MACOSX/AI-testing/orchestrator/catalog/tests/._web_owasp_top10_core.json,163,938354c2820481de487866d908504b98aeaba24508cb075f851c6f604c8abc9a,text,.json
__MACOSX/AI-testing/orchestrator/catalog/tests/._web_zap_auth_full.json,163,938354c2820481de487866d908504b98aeaba24508cb075f851c6f604c8abc9a,text,.json
__MACOSX/AI-testing/orchestrator/catalog/tests/._web_zap_baseline.json,163,938354c2820481de487866d908504b98aeaba24508cb075f851c6f604c8abc9a,text,.json
__MACOSX/AI-testing/orchestrator/models/.___init__.py,163,938354c2820481de487866d908504b98aeaba24508cb075f851c6f604c8abc9a,text,.py
__MACOSX/AI-testing/orchestrator/models/._agent.py,163,938354c2820481de487866d908504b98aeaba24508cb075f851c6f604c8abc9a,text,.py
__MACOSX/AI-testing/orchestrator/models/._artifact.py,163,938354c2820481de487866d908504b98aeaba24508cb075f851c6f604c8abc9a,text,.py
__MACOSX/AI-testing/orchestrator/models/._base.py,163,938354c2820481de487866d908504b98aeaba24508cb075f851c6f604c8abc9a,text,.py
__MACOSX/AI-testing/orchestrator/models/._engagement.py,163,938354c2820481de487866d908504b98aeaba24508cb075f851c6f604c8abc9a,text,.py
__MACOSX/AI-testing/orchestrator/models/._finding.py,163,938354c2820481de487866d908504b98aeaba24508cb075f851c6f604c8abc9a,text,.py
__MACOSX/AI-testing/orchestrator/models/._job.py,163,938354c2820481de487866d908504b98aeaba24508cb075f851c6f604c8abc9a,text,.py
__MACOSX/AI-testing/orchestrator/models/._plan.py,163,938354c2820481de487866d908504b98aeaba24508cb075f851c6f604c8abc9a,text,.py
__MACOSX/AI-testing/orchestrator/models/._report.py,163,938354c2820481de487866d908504b98aeaba24508cb075f851c6f604c8abc9a,text,.py
__MACOSX/AI-testing/orchestrator/models/._run.py,163,938354c2820481de487866d908504b98aeaba24508cb075f851c6f604c8abc9a,text,.py
__MACOSX/AI-testing/orchestrator/models/._tenant.py,163,938354c2820481de487866d908504b98aeaba24508cb075f851c6f604c8abc9a,text,.py
__MACOSX/AI-testing/orchestrator/models/._user.py,163,938354c2820481de487866d908504b98aeaba24508cb075f851c6f604c8abc9a,text,.py
__MACOSX/AI-testing/orchestrator/report_templates/._enhanced.html,163,938354c2820481de487866d908504b98aeaba24508cb075f851c6f604c8abc9a,text,.html
__MACOSX/AI-testing/orchestrator/report_templates/._enhanced.md.j2,163,938354c2820481de487866d908504b98aeaba24508cb075f851c6f604c8abc9a,binary,.j2
__MACOSX/AI-testing/orchestrator/reports/._render.py,163,938354c2820481de487866d908504b98aeaba24508cb075f851c6f604c8abc9a,text,.py
__MACOSX/AI-testing/orchestrator/reports/._taxonomy.py,163,938354c2820481de487866d908504b98aeaba24508cb075f851c6f604c8abc9a,text,.py
__MACOSX/AI-testing/orchestrator/routers/.___init__.py,163,938354c2820481de487866d908504b98aeaba24508cb075f851c6f604c8abc9a,text,.py
__MACOSX/AI-testing/orchestrator/routers/._app.py,163,938354c2820481de487866d908504b98aeaba24508cb075f851c6f604c8abc9a,text,.py
__MACOSX/AI-testing/orchestrator/routers/._findings_v2.py,163,938354c2820481de487866d908504b98aeaba24508cb075f851c6f604c8abc9a,text,.py
__MACOSX/AI-testing/orchestrator/routers/._ui_brain.py,163,938354c2820481de487866d908504b98aeaba24508cb075f851c6f604c8abc9a,text,.py
__MACOSX/AI-testing/orchestrator/routers/._ui_builder.py,163,938354c2820481de487866d908504b98aeaba24508cb075f851c6f604c8abc9a,text,.py
__MACOSX/AI-testing/orchestrator/routers/._ui_code.py,163,938354c2820481de487866d908504b98aeaba24508cb075f851c6f604c8abc9a,text,.py
__MACOSX/AI-testing/orchestrator/routers/._ui_mobile.py,163,938354c2820481de487866d908504b98aeaba24508cb075f851c6f604c8abc9a,text,.py
__MACOSX/AI-testing/orchestrator/routers/._ui_pages.py,163,938354c2820481de487866d908504b98aeaba24508cb075f851c6f604c8abc9a,text,.py
__MACOSX/AI-testing/orchestrator/routers/._v2_agents_artifacts.py,163,938354c2820481de487866d908504b98aeaba24508cb075f851c6f604c8abc9a,text,.py
__MACOSX/AI-testing/orchestrator/routers/._v2_agents_bus.py,163,938354c2820481de487866d908504b98aeaba24508cb075f851c6f604c8abc9a,text,.py
__MACOSX/AI-testing/orchestrator/routers/._v2_agents_bus_lease2.py,163,938354c2820481de487866d908504b98aeaba24508cb075f851c6f604c8abc9a,text,.py
__MACOSX/AI-testing/orchestrator/routers/._v2_artifacts.py,163,938354c2820481de487866d908504b98aeaba24508cb075f851c6f604c8abc9a,text,.py
__MACOSX/AI-testing/orchestrator/routers/._v2_artifacts_downloads.py,163,938354c2820481de487866d908504b98aeaba24508cb075f851c6f604c8abc9a,text,.py
__MACOSX/AI-testing/orchestrator/routers/._v2_artifacts_index.py,163,938354c2820481de487866d908504b98aeaba24508cb075f851c6f604c8abc9a,text,.py
__MACOSX/AI-testing/orchestrator/routers/._v2_brain.py,163,938354c2820481de487866d908504b98aeaba24508cb075f851c6f604c8abc9a,text,.py
__MACOSX/AI-testing/orchestrator/routers/._v2_findings_reports.py,163,938354c2820481de487866d908504b98aeaba24508cb075f851c6f604c8abc9a,text,.py
__MACOSX/AI-testing/orchestrator/routers/._v2_listings.py,163,938354c2820481de487866d908504b98aeaba24508cb075f851c6f604c8abc9a,text,.py
__MACOSX/AI-testing/orchestrator/routers/._v2_quotas_approvals.py,163,938354c2820481de487866d908504b98aeaba24508cb075f851c6f604c8abc9a,text,.py
__MACOSX/AI-testing/orchestrator/routers/._v2_reports_bundle.py,163,938354c2820481de487866d908504b98aeaba24508cb075f851c6f604c8abc9a,text,.py
__MACOSX/AI-testing/orchestrator/routers/._v2_reports_enhanced.py,163,938354c2820481de487866d908504b98aeaba24508cb075f851c6f604c8abc9a,text,.py
__MACOSX/AI-testing/orchestrator/routers/._v3_brain.py,163,938354c2820481de487866d908504b98aeaba24508cb075f851c6f604c8abc9a,text,.py
__MACOSX/AI-testing/orchestrator/routers/._v3_brain_guarded.py,163,938354c2820481de487866d908504b98aeaba24508cb075f851c6f604c8abc9a,text,.py
__MACOSX/AI-testing/orchestrator/templates/._report.md.j2,163,938354c2820481de487866d908504b98aeaba24508cb075f851c6f604c8abc9a,binary,.j2
__MACOSX/AI-testing/orchestrator/templates/._report_run.html.j2,163,938354c2820481de487866d908504b98aeaba24508cb075f851c6f604c8abc9a,binary,.j2
__MACOSX/AI-testing/orchestrator/templates/._report_run.md.j2,163,938354c2820481de487866d908504b98aeaba24508cb075f851c6f604c8abc9a,binary,.j2
__MACOSX/AI-testing/orchestrator/ui/._static,163,938354c2820481de487866d908504b98aeaba24508cb075f851c6f604c8abc9a,binary,
__MACOSX/AI-testing/orchestrator/ui/._templates,163,938354c2820481de487866d908504b98aeaba24508cb075f851c6f604c8abc9a,binary,
__MACOSX/AI-testing/orchestrator/ui/static/._app.css,163,938354c2820481de487866d908504b98aeaba24508cb075f851c6f604c8abc9a,text,.css
__MACOSX/AI-testing/orchestrator/ui/static/._app.js,163,938354c2820481de487866d908504b98aeaba24508cb075f851c6f604c8abc9a,text,.js
__MACOSX/AI-testing/orchestrator/ui/static/._brain.js,163,938354c2820481de487866d908504b98aeaba24508cb075f851c6f604c8abc9a,text,.js
__MACOSX/AI-testing/orchestrator/ui/static/._builder.css,163,938354c2820481de487866d908504b98aeaba24508cb075f851c6f604c8abc9a,text,.css
__MACOSX/AI-testing/orchestrator/ui/static/._builder.js,163,938354c2820481de487866d908504b98aeaba24508cb075f851c6f604c8abc9a,text,.js
__MACOSX/AI-testing/orchestrator/ui/static/._code.js,163,938354c2820481de487866d908504b98aeaba24508cb075f851c6f604c8abc9a,text,.js
__MACOSX/AI-testing/orchestrator/ui/static/._mobile.js,163,938354c2820481de487866d908504b98aeaba24508cb075f851c6f604c8abc9a,text,.js
__MACOSX/AI-testing/orchestrator/ui/templates/._admin.html,163,938354c2820481de487866d908504b98aeaba24508cb075f851c6f604c8abc9a,text,.html
__MACOSX/AI-testing/orchestrator/ui/templates/._base.html,163,938354c2820481de487866d908504b98aeaba24508cb075f851c6f604c8abc9a,text,.html
__MACOSX/AI-testing/orchestrator/ui/templates/._brain_builder.html,163,938354c2820481de487866d908504b98aeaba24508cb075f851c6f604c8abc9a,text,.html
__MACOSX/AI-testing/orchestrator/ui/templates/._builder.html,163,938354c2820481de487866d908504b98aeaba24508cb075f851c6f604c8abc9a,text,.html
__MACOSX/AI-testing/orchestrator/ui/templates/._code_review.html,163,938354c2820481de487866d908504b98aeaba24508cb075f851c6f604c8abc9a,text,.html
__MACOSX/AI-testing/orchestrator/ui/templates/._home.html,163,938354c2820481de487866d908504b98aeaba24508cb075f851c6f604c8abc9a,text,.html
__MACOSX/AI-testing/orchestrator/ui/templates/._mobile_review.html,163,938354c2820481de487866d908504b98aeaba24508cb075f851c6f604c8abc9a,text,.html
__MACOSX/AI-testing/orchestrator/ui/templates/._new_engagement.html,163,938354c2820481de487866d908504b98aeaba24508cb075f851c6f604c8abc9a,text,.html
__MACOSX/AI-testing/orchestrator/ui/templates/._run_detail.html,163,938354c2820481de487866d908504b98aeaba24508cb075f851c6f604c8abc9a,text,.html
__MACOSX/AI-testing/policies/._policy.rego,163,938354c2820481de487866d908504b98aeaba24508cb075f851c6f604c8abc9a,text,.rego
__MACOSX/AI-testing/policies_enabled/._pentest_policy.rego,163,938354c2820481de487866d908504b98aeaba24508cb075f851c6f604c8abc9a,text,.rego
__MACOSX/AI-testing/policies_enabled/._policy.rego,163,938354c2820481de487866d908504b98aeaba24508cb075f851c6f604c8abc9a,text,.rego
__MACOSX/AI-testing/postman/._AI-Testing.postman_collection.json,163,938354c2820481de487866d908504b98aeaba24508cb075f851c6f604c8abc9a,text,.json
__MACOSX/AI-testing/schemas/._event.schema.json,163,938354c2820481de487866d908504b98aeaba24508cb075f851c6f604c8abc9a,text,.json
__MACOSX/AI-testing/schemas/._finding.schema.json,163,938354c2820481de487866d908504b98aeaba24508cb075f851c6f604c8abc9a,text,.json
__MACOSX/AI-testing/schemas/._plan.schema.json,163,938354c2820481de487866d908504b98aeaba24508cb075f851c6f604c8abc9a,text,.json
__MACOSX/AI-testing/schemas/._test-catalog-item.schema.json,163,938354c2820481de487866d908504b98aeaba24508cb075f851c6f604c8abc9a,text,.json
__MACOSX/AI-testing/scripts/._agent_aws_up.sh,163,938354c2820481de487866d908504b98aeaba24508cb075f851c6f604c8abc9a,text,.sh
__MACOSX/AI-testing/scripts/._agent_msf_up.sh,163,938354c2820481de487866d908504b98aeaba24508cb075f851c6f604c8abc9a,text,.sh
__MACOSX/AI-testing/scripts/._enable_enhanced_features.sh,163,938354c2820481de487866d908504b98aeaba24508cb075f851c6f604c8abc9a,text,.sh
__MACOSX/AI-testing/scripts/._fix_catalog_script.sh,163,938354c2820481de487866d908504b98aeaba24508cb075f851c6f604c8abc9a,text,.sh
__MACOSX/AI-testing/scripts/._init_project.sh,163,938354c2820481de487866d908504b98aeaba24508cb075f851c6f604c8abc9a,text,.sh
__MACOSX/AI-testing/scripts/._manage.sh,163,938354c2820481de487866d908504b98aeaba24508cb075f851c6f604c8abc9a,text,.sh
__MACOSX/AI-testing/scripts/._setup_llm_pentest.sh,163,938354c2820481de487866d908504b98aeaba24508cb075f851c6f604c8abc9a,text,.sh
__MACOSX/AI-testing/scripts/._smoke_enhanced.sh,163,938354c2820481de487866d908504b98aeaba24508cb075f851c6f604c8abc9a,text,.sh
__MACOSX/AI-testing/templates/._gitignore.append,163,938354c2820481de487866d908504b98aeaba24508cb075f851c6f604c8abc9a,binary,.append
__MACOSX/AI-testing/ui/._Dockerfile,163,938354c2820481de487866d908504b98aeaba24508cb075f851c6f604c8abc9a,binary,
__MACOSX/AI-testing/ui/._index.html,163,938354c2820481de487866d908504b98aeaba24508cb075f851c6f604c8abc9a,text,.html
__MACOSX/AI-testing/ui/._package.json,163,938354c2820481de487866d908504b98aeaba24508cb075f851c6f604c8abc9a,text,.json
__MACOSX/AI-testing/ui/._src,163,938354c2820481de487866d908504b98aeaba24508cb075f851c6f604c8abc9a,binary,
__MACOSX/AI-testing/ui/._tsconfig.json,163,938354c2820481de487866d908504b98aeaba24508cb075f851c6f604c8abc9a,text,.json
__MACOSX/AI-testing/ui/._tsconfig.node.json,163,938354c2820481de487866d908504b98aeaba24508cb075f851c6f604c8abc9a,text,.json
__MACOSX/AI-testing/ui/._vite.config.ts,163,938354c2820481de487866d908504b98aeaba24508cb075f851c6f604c8abc9a,text,.ts
__MACOSX/AI-testing/ui/src/._App.tsx,163,938354c2820481de487866d908504b98aeaba24508cb075f851c6f604c8abc9a,text,.tsx
__MACOSX/AI-testing/ui/src/._api.ts,163,938354c2820481de487866d908504b98aeaba24508cb075f851c6f604c8abc9a,text,.ts
__MACOSX/AI-testing/ui/src/._main.tsx,163,938354c2820481de487866d908504b98aeaba24508cb075f851c6f604c8abc9a,text,.tsx
__MACOSX/AI-testing/ui/src/._pages,163,938354c2820481de487866d908504b98aeaba24508cb075f851c6f604c8abc9a,binary,
__MACOSX/AI-testing/ui/src/._styles.css,163,938354c2820481de487866d908504b98aeaba24508cb075f851c6f604c8abc9a,text,.css
__MACOSX/AI-testing/ui/src/pages/._App.tsx,163,938354c2820481de487866d908504b98aeaba24508cb075f851c6f604c8abc9a,text,.tsx
